cntry,term,term_label,n,populist,non_populist,psu_count,kish_effective_n,estimate_log_odds,std_error,conf_low,conf_high,statistic,p_value,df,odds_ratio,odds_ratio_low,odds_ratio_high,ame,ame_std_error,ame_low,ame_high,evidence_category,fdr_q_value
AT,distrust_index_three,Representative-political-institution distrust,1285,113,1172,1285,749.5118887304144,0.34657941155313976,0.07351143886845943,0.2023636959449816,0.4907951271612979,4.71463240126894,2.685637456125366e-06,1284.0,1.4142217949205202,1.2242931976210845,1.6336146350518397,0.024052833852380003,0.005101935909720959,0.014043788327860164,0.03406187937689984,positive_interval_above_zero,5.615423771898492e-06
AT,viepol,People's views should prevail,1285,113,1172,1285,749.5118887304144,0.11181593118846823,0.06547779807282761,-0.016639281372618817,0.24027114374955527,1.7076922938688484,0.08793518440676577,1284.0,1.1183069962592909,0.9834983868453507,1.2715938883173061,0.0077600974705129356,0.004514137639778403,-0.0010957976132341509,0.016615992554260023,positive_interval_includes_zero,0.3234275761953219
BE,distrust_index_three,Representative-political-institution distrust,828,80,748,502,691.7513962661817,0.20222224599096142,0.07020623318897358,0.06428733496352607,0.34015715701839677,2.880403018441986,0.004141806319534091,501.0,1.2241200336518803,1.0663987683952647,1.4051684052887679,0.015995454184483577,0.005693424327976839,0.00480952463878247,0.027181383730184683,positive_interval_above_zero,0.005953846584330256
BE,viepol,People's views should prevail,828,80,748,502,691.7513962661817,0.014260925492956572,0.06582958935718713,-0.1150751482216823,0.14359699920759544,0.21663397314508076,0.8285817903704725,501.0,1.0143630976027829,0.891299161843072,1.1544187830836012,0.0011280162537662466,0.005213448840615485,-0.0091149004975248,0.011370933005057293,positive_interval_includes_zero,0.8888753317556883
BG,distrust_index_three,Representative-political-institution distrust,1375,821,554,435,730.7465233309375,-0.04096380775584551,0.04425425900260266,-0.12794312265171098,0.04601550714001997,-0.925646676254061,0.35514404162293145,434.0,0.959863868946654,0.879903424294937,1.0470906482123357,-0.008739843461181935,0.009402896724081155,-0.027220720410201855,0.009741033487837987,negative_interval_includes_zero,0.371286952605792
BG,viepol,People's views should prevail,1375,821,554,435,730.7465233309375,-0.01833312384205956,0.037328773337440176,-0.09170077712493671,0.05503452944081758,-0.4911258046529947,0.6235857251370933,434.0,0.9818339055915681,0.9123781131067316,1.0565770970619748,-0.003911468227979817,0.007950913188857526,-0.019538551305399703,0.01171561484944007,negative_interval_includes_zero,0.8436748045972439
CH,distrust_index_three,Representative-political-institution distrust,636,167,469,636,625.8974214501737,0.20737476924563045,0.06241168186560268,0.08481652176230733,0.3299330167289536,3.322691570661263,0.0009427284527989899,635.0,1.2304436178088574,1.0885173291339634,1.3908749599890138,0.03531593032507364,0.010257080993934617,0.015174030069635143,0.05545783058051213,positive_interval_above_zero,0.0014455169609584513
CH,viepol,People's views should prevail,636,167,469,636,625.8974214501737,-0.03851540497543578,0.04293086194475644,-0.12281903284798726,0.045788222897115705,-0.8971495849535356,0.3699791068761362,635.0,0.9622168816982171,0.8844236997177604,1.0468526880504265,-0.006559174790175903,0.007299850479437268,-0.020893941213818865,0.007775591633467057,negative_interval_includes_zero,0.6078228184393666
CZ,distrust_index_three,Representative-political-institution distrust,1311,504,807,529,1022.6290165183391,-0.05583015524927401,0.02856571170827826,-0.11194655506506833,0.00028624456652030783,-1.9544464993355861,0.05117583027324095,528.0,0.9456997443881022,0.8940920409144048,1.0002862855384054,-0.012927000574134668,0.006575676409803838,-0.025844700305904453,-9.300842364881254e-06,negative_interval_includes_zero,0.06539133868247454
CZ,viepol,People's views should prevail,1311,504,807,529,1022.6290165183391,0.08333483024956151,0.03408776642085845,0.016370535824299454,0.15029912467482356,2.4447137198924414,0.014822595765328558,528.0,1.0869056765267568,1.0165052672503596,1.1621818280014122,0.019295475602237468,0.007808635839696033,0.003955667678973422,0.03463528352550151,positive_interval_above_zero,0.14052917833681794
DE,distrust_index_three,Representative-political-institution distrust,5397,295,5102,179,4383.182603294664,0.6564848773652792,0.04326474428715892,0.5711070578410479,0.7418626968895105,15.173668264581085,6.524053193071087e-34,178.0,1.9280032413118366,1.7702257093118319,2.099843245387049,0.03256218756150359,0.0023310418266630465,0.027962154170358796,0.03716222095264839,positive_interval_above_zero,7.50266117203175e-33
DE,viepol,People's views should prevail,5397,295,5102,179,4383.182603294664,0.04449270164079082,0.02808323951816757,-0.010926226512900143,0.09991162979448179,1.5843151432728286,0.11489705374124744,178.0,1.0454973462674255,0.9891332478926459,1.1050732582096594,0.0022068744397585323,0.0014014394976148425,-0.0005586994812920628,0.004972448360809127,positive_interval_includes_zero,0.3303290295060864
EE,distrust_index_three,Representative-political-institution distrust,900,120,780,900,856.7379200148123,0.2537103006400806,0.05815927181829934,0.13956654915197078,0.36785405212819045,4.3623362657070395,1.4358426943444112e-05,899.0,1.2887983861133936,1.1497753197445484,1.4446311827405733,0.025854202563701315,0.00579924741004151,0.014472563239572672,0.037235841887829954,positive_interval_above_zero,2.752031830826788e-05
EE,viepol,People's views should prevail,900,120,780,900,856.7379200148123,0.06912953871353217,0.0518317725076619,-0.03259582295857348,0.17085490038563783,1.3337290115500733,0.1826304815195312,899.0,1.0715750106063981,0.9679296955002659,1.186318602161108,0.0070446059640691654,0.005263502277155452,-0.0032855766035140913,0.017374788531652422,positive_interval_includes_zero,0.3957223668087302
ES,distrust_index_three,Representative-political-institution distrust,1371,267,1104,448,1259.5914383678444,0.039962273235230876,0.037626443380068104,-0.03398442033455385,0.11390896680501561,1.0620794751065983,0.2887730719844906,447.0,1.0407715085098292,0.9665865636154853,1.1206501038811587,0.0059761477264414775,0.0056285235812392155,-0.005085506555044063,0.017037802007927018,positive_interval_includes_zero,0.3162752693163468
ES,viepol,People's views should prevail,1371,267,1104,448,1259.5914383678444,0.061077544610694735,0.036883770857661174,-0.011409585617362723,0.1335646748387522,1.6559463197621573,0.09843447971161971,447.0,1.0629813394654806,0.9886552568617151,1.142895180306387,0.009133825476175328,0.005489131504173421,-0.001653883614564377,0.019921534566915033,positive_interval_includes_zero,0.3234275761953219
FI,distrust_index_three,Representative-political-institution distrust,1077,146,931,1077,966.051194916678,0.36054125147058763,0.05627736825355461,0.25011542378930723,0.47096707915186803,6.4065051842187914,2.2217541828842121e-10,1076.0,1.4341054162008777,1.2841736323205428,1.6015422626769291,0.03954635418213521,0.0056595652500504995,0.028441318597718646,0.05065138976655177,positive_interval_above_zero,8.516724367722813e-10
FI,viepol,People's views should prevail,1077,146,931,1077,966.051194916678,0.04277711674998511,0.05367404117600894,-0.06254053767827697,0.14809477117824718,0.7969796164538753,0.42563868956446177,1076.0,1.04370524450769,0.9393749819608261,1.1596227899736462,0.0046920539688187785,0.005887789606712357,-0.006860796861112958,0.016244904798750515,positive_interval_includes_zero,0.6526459906655081
FR,distrust_index_three,Representative-political-institution distrust,795,157,638,287,742.2355988981928,0.2919741398693029,0.04935996046112576,0.1948192626145689,0.38912901712403686,5.915202061380334,9.445533374380288e-09,286.0,1.3390683887079968,1.215091354208027,1.4756949289674945,0.041460606538106334,0.00632480042987554,0.02901154451121929,0.05390966856499338,positive_interval_above_zero,3.103532394439238e-08
FR,viepol,People's views should prevail,795,157,638,287,742.2355988981928,0.11204937079024872,0.049532686734448925,0.014554517576729362,0.2095442240037681,2.2621298818487223,0.024439857102055294,286.0,1.1185680838720746,1.0146609502997679,1.2331159072275286,0.015911117598484664,0.007079690255517009,0.001976211019335353,0.029846024177633976,positive_interval_above_zero,0.14052917833681794
GR,distrust_index_three,Representative-political-institution distrust,1703,568,1135,195,1104.4625142728787,0.16891241650890293,0.03159222629584681,0.10660409430361668,0.2312207387141892,5.346644928632603,2.50370088130549e-07,194.0,1.184016434089806,1.11249372467816,1.2601373698537515,0.035643519637602226,0.006435063543897304,0.02295185273987064,0.048335186535333814,positive_interval_above_zero,6.398346696669586e-07
GR,viepol,People's views should prevail,1703,568,1135,195,1104.4625142728787,0.00821677079935564,0.04345681777167378,-0.0774916999610549,0.09392524155976617,0.18907898048419766,0.8502285782010932,194.0,1.0082506211104376,0.925434705508857,1.0984776223738175,0.0017338845621752898,0.009172648897277919,-0.016357033045701276,0.019824802170051857,positive_interval_includes_zero,0.8888753317556883
HR,distrust_index_three,Representative-political-institution distrust,652,96,556,469,618.594501084735,0.19257808186527314,0.07130288188892374,0.052464649585409945,0.3326915141451363,2.7008456988494935,0.007167191984517635,468.0,1.2123711642136665,1.0538653068445283,1.3947169816395146,0.0229033920505714,0.008292174152197048,0.006608889630085428,0.03919789447105737,positive_interval_above_zero,0.009696789155523858
HR,viepol,People's views should prevail,652,96,556,469,618.594501084735,0.06668556082552571,0.06248134981671104,-0.05609315644898763,0.18946427810003905,1.06728745491491,0.2863922922140537,468.0,1.068959302643322,0.9454510569247434,1.2086019496603646,0.007930941719358032,0.00743510902824035,-0.006679388434542544,0.022541271873258606,positive_interval_includes_zero,0.5489185600769363
HU,distrust_index_three,Representative-political-institution distrust,1003,672,331,673,815.627823390354,-0.39415948247356036,0.04048343331647836,-0.47364872033643934,-0.3146702446106814,-9.73631557857821,4.800267470998378e-21,672.0,0.6742465171630265,0.6227259651183193,0.7300295657658898,-0.0714121242003363,0.005985111581065565,-0.08316389323593197,-0.05966035516474062,negative_interval_below_zero,2.760153795824067e-20
HU,viepol,People's views should prevail,1003,672,331,673,815.627823390354,0.017240837244205554,0.0451181387164266,-0.07134864656572111,0.10583032105413222,0.38212651795249064,0.702488335539514,672.0,1.01739031830252,0.9311371977428818,1.1116332397468283,0.0031236209335229635,0.008181966090739928,-0.012941672829694169,0.019188914696740098,positive_interval_includes_zero,0.8888753317556883
IE,distrust_index_three,Representative-political-institution distrust,1041,283,758,470,652.6056117885696,0.3208875608451657,0.04527028794758458,0.23192986107626148,0.4098452606140699,7.088259770220587,5.0185634778147425e-12,469.0,1.3783505916048995,1.261031278349791,1.5065846390929778,0.054301537878390656,0.006659343043787879,0.04121569579509481,0.06738737996168649,positive_interval_above_zero,2.3085391997947817e-11
IE,viepol,People's views should prevail,1041,283,758,470,652.6056117885696,0.045260335235986014,0.049247673799712274,-0.051513066896206126,0.14203373736817815,0.9190349867093711,0.3585496851973624,469.0,1.0463002132685242,0.9497912390575755,1.1526155340956947,0.007659087194693232,0.008285404554924082,-0.008622022651884925,0.02394019704127139,positive_interval_includes_zero,0.6078228184393666
IS,distrust_index_three,Representative-political-institution distrust,589,62,527,487,509.7149952169114,0.3843402362286221,0.07455698367006808,0.23784641205438461,0.5308340604028596,5.154986391743216,3.6970748771870103e-07,486.0,1.4686450429365399,1.268514349349589,1.7003499118855039,0.030349050570397152,0.005717847024062536,0.0191142978300649,0.0415838033107294,positive_interval_above_zero,8.503272217530123e-07
IS,viepol,People's views should prevail,589,62,527,487,509.7149952169114,0.013087331144701501,0.059763587389090725,-0.1043395822312744,0.13051424452067742,0.21898503280093373,0.8267536399262502,486.0,1.0131733450843297,0.9009193092808337,1.1394141701866713,0.0010334282942622093,0.004710993384097966,-0.008223000849250825,0.010289857437775244,positive_interval_includes_zero,0.8888753317556883
IT,distrust_index_three,Representative-political-institution distrust,1021,545,476,298,890.9983147472658,0.1862790819953078,0.043357749795435024,0.10095174470050766,0.2716064192901079,4.296327251164691,2.3558066229346935e-05,297.0,1.2047584398538864,1.1062232593407566,1.3120704940376542,0.04285664851713982,0.009438215545529163,0.02428239581458873,0.061430901219690914,positive_interval_above_zero,4.167965563653689e-05
IT,viepol,People's views should prevail,1021,545,476,298,890.9983147472658,-0.0032728437870381336,0.03657821371118095,-0.07525816575833266,0.06871247818425641,-0.08947522185966439,0.9287645514976532,297.0,0.9967325061281187,0.9275040056420533,1.0711281921469642,-0.0007529729818838768,0.008415861770972605,-0.01731525029900147,0.015809304335233716,negative_interval_includes_zero,0.9287645514976532
LV,distrust_index_three,Representative-political-institution distrust,566,29,537,566,476.30545831591814,0.2518194882714992,0.1418899883478457,-0.026876790154908792,0.5305157666979072,1.7747516312014875,0.07647726774455718,565.0,1.2863638125705408,0.9734811766005621,1.6998087873351717,0.012122007531791013,0.00698638305911185,-0.0016004473144415419,0.02584446237802357,positive_interval_includes_zero,0.09257774516446396
LV,viepol,People's views should prevail,566,29,537,566,476.30545831591814,0.2727259571222338,0.11957264595222933,0.037864767714075154,0.5075871465303925,2.280839024263049,0.02292939958579287,565.0,1.3135402291526683,1.0385907723770254,1.6612779349594493,0.01312839657106396,0.00609527335895014,0.001156234046343966,0.025100559095783955,positive_interval_above_zero,0.14052917833681794
NL,distrust_index_three,Representative-political-institution distrust,1116,146,970,1116,1020.2271799788526,0.32469030825897577,0.05877204726021853,0.20937403553066858,0.44000658098728296,5.524570325436856,4.109338049497509e-08,1115.0,1.3836020894839958,1.2329060629711661,1.5527174368914187,0.03346449641168241,0.005865105859166332,0.021956608251151748,0.044972384572213066,positive_interval_above_zero,1.1814346892305338e-07
NL,viepol,People's views should prevail,1116,146,970,1116,1020.2271799788526,0.2030047417156799,0.053780596458379314,0.09748216392922691,0.30852731950213286,3.774683716510746,0.00016865112397739223,1115.0,1.2250782772066031,1.102391779050185,1.3614187023206892,0.02092286488970397,0.005418691223202583,0.010290884142824842,0.0315548456365831,positive_interval_above_zero,0.0038789758514800213
NO,distrust_index_three,Representative-political-institution distrust,1032,89,943,1032,463.9518113454385,0.3069330405123859,0.08465423915674875,0.14081877114843733,0.4730473098763345,3.625725581728494,0.00030224081928126485,1031.0,1.3592499503445499,1.1512159955256227,1.60487730772721,0.027684544281802594,0.00705915902216699,0.013832585360762407,0.04153650320284278,positive_interval_above_zero,0.0004965384888192208
NO,viepol,People's views should prevail,1032,89,943,1032,463.9518113454385,0.03100775334751208,0.1097800674874588,-0.18441011447642175,0.2464256211714459,0.28245340030469906,0.7776525657769444,1031.0,1.0314935013830917,0.8315946848637624,1.279444016131318,0.00279681691874997,0.009887852640537282,-0.01660579579530331,0.022199429632803247,positive_interval_includes_zero,0.8888753317556883
PL,distrust_index_three,Representative-political-institution distrust,1348,564,784,1152,1319.7957244512481,-0.5234767624466091,0.03972589031367264,-0.6014200385568693,-0.4455334863363489,-13.17721914633696,4.917760880113639e-37,1151.0,0.5924571303402656,0.5480328554904248,0.6404824962125929,-0.09076248936279263,0.004858991085879958,-0.10029596188747729,-0.08122901683810797,negative_interval_below_zero,1.131085002426137e-35
PL,viepol,People's views should prevail,1348,564,784,1152,1319.7957244512481,0.062076693202711614,0.029486967396154955,0.004222462038464429,0.11993092436695879,2.105224737719427,0.03548799912457791,1151.0,1.0640439465369274,1.0042313891917303,1.1274189717104324,0.01076310470813517,0.005073820056484919,0.0008081319064238111,0.020718077509846528,positive_interval_above_zero,0.16324479597305838
SE,distrust_index_three,Representative-political-institution distrust,1737,221,1516,1737,1456.065553124765,0.47047554587474777,0.04604622495012263,0.380163637312393,0.5607874544371025,10.217461830679234,7.712820408872842e-24,1736.0,1.6007552447986928,1.4625238933333826,1.7520516180493055,0.041170764197107995,0.003844300842820354,0.03363081609975478,0.04871071229446121,positive_interval_above_zero,5.913162313469179e-23
SE,viepol,People's views should prevail,1737,221,1516,1737,1456.065553124765,0.058427163087849565,0.04183706135772125,-0.023629180596109342,0.1404835067718085,1.3965407987974405,0.16273022306963067,1736.0,1.0601677635360622,0.9766478025742007,1.1508300985048945,0.005112892636583981,0.003635902277140966,-0.0020183168024199387,0.0122441020755879,positive_interval_includes_zero,0.3957223668087302
SI,distrust_index_three,Representative-political-institution distrust,555,405,150,262,539.1594024262831,-0.056865874596381594,0.050653962940623895,-0.15660832577459383,0.04287657658183065,-1.1226342677874828,0.26262450098347195,261.0,0.9447207719241586,0.855038889935953,1.043809056418277,-0.010719604887642772,0.009462186187574178,-0.02935154578750018,0.007912336012214635,negative_interval_includes_zero,0.30201817613099274
SI,viepol,People's views should prevail,555,405,150,262,539.1594024262831,0.02811052092595371,0.04849470109078384,-0.06738013913591287,0.12360118098782027,0.5796617010450233,0.562642788284607,261.0,1.028509349945808,0.9348397646030172,1.1315644915630647,0.005299024760470524,0.00912125531388946,-0.012661590954751202,0.023259640475692248,positive_interval_includes_zero,0.8087990081591225
SK,distrust_index_three,Representative-political-institution distrust,751,531,220,247,507.27298926014214,0.008104224087414902,0.035807335224593326,-0.06242384327554398,0.07863229145037379,0.22632860101381486,0.8211337981779577,246.0,1.0081371522036153,0.9394846081595459,1.081806459441875,0.0016406657615603934,0.007243480386166187,-0.01262648563112195,0.015907817154242738,positive_interval_includes_zero,0.8211337981779578
SK,viepol,People's views should prevail,751,531,220,247,507.27298926014214,0.06390560967189685,0.048545024325626907,-0.031711300223781574,0.15952251956757527,1.3164193562502984,0.1892585232563492,246.0,1.0659917746992418,0.968786230077925,1.1729506762653272,0.012937419379005397,0.009737510198573269,-0.006242108249199291,0.03211694700721009,positive_interval_includes_zero,0.3957223668087302
