model,model_label,term,estimate_log_odds,std_error,conf_low,conf_high,statistic,p_value,df,odds_ratio,odds_ratio_low,odds_ratio_high,term_type
M1,H1 adjusted,Intercept,-3.419119395319013,0.6346164578393582,-4.735233375680708,-2.103005414957318,-5.387694178244117,2.071463154811649e-05,22.0,0.03274125434974522,0.008780399460932465,0.12208894836327491,intercept
M1,H1 adjusted,"C(gndr, Treatment(reference=1))[T.2.0]",-0.12321029386826074,0.07939572946361662,-0.28786695890944936,0.041446371172927876,-1.5518503917105808,0.1349658688348226,22.0,0.8840777268859099,0.7498613479745846,1.0423172621003642,control
M1,H1 adjusted,"C(eisced_model, Treatment(reference=4))[T.1.0]",0.22940062370124392,0.3327719023840764,-0.4607260624082794,0.9195273098107672,0.6893629602071267,0.4978020735497502,22.0,1.2578458609460026,0.630825460538531,2.508104553275796,control
M1,H1 adjusted,"C(eisced_model, Treatment(reference=4))[T.2.0]",0.6160313786770141,0.19680487210958994,0.20788305477663943,1.0241797025773887,3.1301632529400982,0.004868948339928549,22.0,1.8515652800518958,1.2310691934685718,2.7848101507879837,control
M1,H1 adjusted,"C(eisced_model, Treatment(reference=4))[T.3.0]",0.5785193526294067,0.12413890492469674,0.3210710210269797,0.8359676842318337,4.660258224287859,0.00012030273794681085,22.0,1.7833958944587833,1.3786034872524702,2.3070454599756745,control
M1,H1 adjusted,"C(eisced_model, Treatment(reference=4))[T.5.0]",0.19011079516472382,0.10596858296876253,-0.029654595098145997,0.40987618542759363,1.7940297948568846,0.0865651578969788,22.0,1.2093835840880034,0.9707807880887258,1.5066312306624137,control
M1,H1 adjusted,"C(eisced_model, Treatment(reference=4))[T.6.0]",-0.24193139226483745,0.133917527339226,-0.5196593455339593,0.035796561004284355,-1.8065700365867863,0.0845284072172096,22.0,0.785110040325827,0.5947231085496375,1.0364449717174142,control
M1,H1 adjusted,"C(eisced_model, Treatment(reference=4))[T.7.0]",-0.6121380728153357,0.12288724266893632,-0.8669906157754291,-0.3572855298552423,-4.981298786762291,5.5125227670536014e-05,22.0,0.5421903863924616,0.4202142344302913,0.6995727203171961,control
M1,H1 adjusted,"C(cntry, Treatment(reference='DE'))[T.AT]",0.3907390857606638,0.04737228694409398,0.2924949757022858,0.4889831958190418,8.248263087272763,3.541110311410987e-08,22.0,1.478072812854302,1.3397660051637044,1.63065731753067,country fixed effect
M1,H1 adjusted,"C(cntry, Treatment(reference='DE'))[T.BE]",0.6606209686940254,0.04329583039460175,0.5708309120861204,0.7504110253019305,15.258304614395238,3.482296667205902e-13,22.0,1.9359941529783729,1.7697369364863182,2.1178703360330884,country fixed effect
M1,H1 adjusted,"C(cntry, Treatment(reference='DE'))[T.BG]",3.374638496570646,0.1589715968679098,3.044951583264592,3.7043254098767,21.22793356208561,3.821472985082471e-16,22.0,29.21372101178133,21.0090139903831,40.622634443713444,country fixed effect
M1,H1 adjusted,"C(cntry, Treatment(reference='DE'))[T.CH]",1.9813760766819783,0.2352638938569054,1.493468623361911,2.4692835300020457,8.421930132156662,2.4888174289885413e-08,22.0,7.252716415425071,4.452512855188537,11.813979456854126,country fixed effect
M1,H1 adjusted,"C(cntry, Treatment(reference='DE'))[T.CZ]",2.4728407022216956,0.06970507214430569,2.328281230405313,2.617400174038078,35.47576418976141,6.52537203536635e-21,22.0,11.856078649028253,10.260291292334166,13.700059474623881,country fixed effect
M1,H1 adjusted,"C(cntry, Treatment(reference='DE'))[T.EE]",1.1939253816638054,0.0778205257193072,1.0325354892444016,1.355315274083209,15.34203695783558,3.1180525173059517e-13,22.0,3.3000096135455266,2.8081769182241283,3.8779833915805053,country fixed effect
M1,H1 adjusted,"C(cntry, Treatment(reference='DE'))[T.ES]",1.2704883097259057,0.16630396494340427,0.9255949957441243,1.615381623707687,7.639555137234833,1.258072656513024e-07,22.0,3.5625917858995617,2.5233692077246705,5.029807050868904,country fixed effect
M1,H1 adjusted,"C(cntry, Treatment(reference='DE'))[T.FI]",1.4545082188146217,0.20314343685406822,1.0332145162015076,1.8758019214277357,7.160005961007218,3.5367403009652197e-07,22.0,4.282376955258201,2.8100843935922315,6.52605040216725,country fixed effect
M1,H1 adjusted,"C(cntry, Treatment(reference='DE'))[T.FR]",1.6307667063210598,0.034377265713519865,1.5594726208096106,1.702060791832509,47.43735932668179,1.1837277479813175e-23,22.0,5.1077893920560244,4.75631220350871,5.485239689344602,country fixed effect
M1,H1 adjusted,"C(cntry, Treatment(reference='DE'))[T.GR]",2.1856203797075135,0.057418614515193665,2.0665414614680904,2.3046992979469367,38.06466593040436,1.418949826332712e-21,22.0,8.896165842550687,7.8974621534857485,10.021164414600495,country fixed effect
M1,H1 adjusted,"C(cntry, Treatment(reference='DE'))[T.HR]",0.9282765221679251,0.1296520233496362,0.6593946827438508,1.1971583615919994,7.1597534553287785,3.5386942117535683e-07,22.0,2.5301447692958643,1.9336215256060862,3.3106957431023916,country fixed effect
M1,H1 adjusted,"C(cntry, Treatment(reference='DE'))[T.HU]",3.7241122930158634,0.14199941069242542,3.4296235395225994,4.0186010465091275,26.22625174890614,4.3261235749649824e-18,22.0,41.43443477720532,30.8650211016898,55.62323705045157,country fixed effect
M1,H1 adjusted,"C(cntry, Treatment(reference='DE'))[T.IE]",2.198855499552268,0.07027303973755031,2.053118135040813,2.344592864063723,31.290171988636953,9.811427456099659e-20,22.0,9.014690276036982,7.792160272963211,10.429025831879136,country fixed effect
M1,H1 adjusted,"C(cntry, Treatment(reference='DE'))[T.IS]",0.666365738757241,0.11934132037348381,0.418866988546567,0.9138644889679151,5.583696716877446,1.2982510907797585e-05,22.0,1.947148001703805,1.5202381322580019,2.4939417451052854,country fixed effect
M1,H1 adjusted,"C(cntry, Treatment(reference='DE'))[T.IT]",2.9555769885574126,0.043876736181853684,2.864582207082336,3.046571770032489,67.36091254161619,5.563213595935986e-27,22.0,19.212805091018335,17.54172286583444,21.043080106139897,country fixed effect
M1,H1 adjusted,"C(cntry, Treatment(reference='DE'))[T.LV]",0.0029237965023493607,0.15574476300473236,-0.32007107296026027,0.325918665964959,0.018773000426733577,0.9851914132425185,22.0,1.0029280749641105,0.7260974293460146,1.3853026920329194,country fixed effect
M1,H1 adjusted,"C(cntry, Treatment(reference='DE'))[T.NL]",1.0593158394048674,0.15351889349784525,0.7409371407652597,1.3776945380444752,6.900231074292726,6.270435781250497e-07,22.0,2.884396923340228,2.097900621753595,3.9657481985110716,country fixed effect
M1,H1 adjusted,"C(cntry, Treatment(reference='DE'))[T.NO]",1.014939985754382,0.19687250425401936,0.6066514013711506,1.4232285701376133,5.155316074228587,3.6198650542253484e-05,22.0,2.759197801232715,1.8342788396977525,4.15049900896307,country fixed effect
M1,H1 adjusted,"C(cntry, Treatment(reference='DE'))[T.PL]",2.4302888896743267,0.15953360728964558,2.0994364380907533,2.7611413412579,15.233711134369008,3.5974992519302537e-13,22.0,11.362164017782407,8.16156906681297,15.817886255712509,country fixed effect
M1,H1 adjusted,"C(cntry, Treatment(reference='DE'))[T.SE]",0.9215789302555072,0.05705565144683831,0.8032527513481899,1.0399051091628244,16.15228127075527,1.0980254821189139e-13,22.0,2.513255513956201,2.23279184607091,2.828948560317632,country fixed effect
M1,H1 adjusted,"C(cntry, Treatment(reference='DE'))[T.SI]",3.94892690874322,0.06115176181792372,3.822105916854146,4.075747900632294,64.57584853402834,1.4022068287357844e-26,22.0,51.8796653385028,45.700348187523616,58.894511363260015,country fixed effect
M1,H1 adjusted,"C(cntry, Treatment(reference='DE'))[T.SK]",3.6249040863458295,0.07878224107092884,3.4615197183597077,3.7882884543319513,46.01169041487756,2.3015169095067855e-23,22.0,37.521124198878525,31.865366117998562,44.180718210938046,country fixed effect
M1,H1 adjusted,distrust_index_three,0.0842802736133854,0.11053363041755127,-0.14495244560723136,0.31351299283400214,0.7624853476268596,0.45386858386319334,22.0,1.087933770211326,0.8650634296987265,1.368223239743749,focal
M1,H1 adjusted,age_decades_50,-0.12092108788578737,0.03660075520125847,-0.1968264083626255,-0.04501576740894926,-3.303786690216427,0.003232899869894442,22.0,0.8861038811646845,0.8213331975129098,0.9559824083486846,control
M2,H2a adjusted,Intercept,-3.790209308710945,0.6393103134678254,-5.116057749845148,-2.464360867576742,-5.928590903143149,5.757680307727134e-06,22.0,0.022590872889749043,0.00599962837096309,0.08506319164546434,intercept
M2,H2a adjusted,"C(gndr, Treatment(reference=1))[T.2.0]",-0.13508719256561488,0.07750917491799642,-0.29583138294350986,0.025656997812280063,-1.742854219626711,0.0953215949190858,22.0,0.8736397334772109,0.7439128538411159,1.02598897165063,control
M2,H2a adjusted,"C(eisced_model, Treatment(reference=4))[T.1.0]",0.1990281205815217,0.2966353591450746,-0.41615596173748653,0.8142122029005299,0.6709521115592413,0.5092346664291306,22.0,1.2202162786087603,0.6595773936258541,2.257396601173398,control
M2,H2a adjusted,"C(eisced_model, Treatment(reference=4))[T.2.0]",0.6102913656909978,0.20373496634544147,0.1877709059968538,1.032811825385142,2.9955160699132146,0.00666349054300725,22.0,1.8409677154762256,1.2065570686957872,2.8089530262246325,control
M2,H2a adjusted,"C(eisced_model, Treatment(reference=4))[T.3.0]",0.5842005190579191,0.12545045112219338,0.32403220711919195,0.8443688309966464,4.656822784071826,0.00012131451784418973,22.0,1.7935564980548238,1.382691838923217,2.326508930738919,control
M2,H2a adjusted,"C(eisced_model, Treatment(reference=4))[T.5.0]",0.18019661458683767,0.10285155452469247,-0.03310445433398446,0.3934976835076598,1.7520067189998212,0.09370194680177249,22.0,1.1974527766611247,0.9674375012712674,1.4821558503254433,control
M2,H2a adjusted,"C(eisced_model, Treatment(reference=4))[T.6.0]",-0.22936249557439986,0.1336409082126977,-0.5065167758869475,0.04779178473814777,-1.7162596291949423,0.10016442268214498,22.0,0.7950402826794851,0.6025908865869446,1.048952224722826,control
M2,H2a adjusted,"C(eisced_model, Treatment(reference=4))[T.7.0]",-0.5801940904405324,0.12253497041477318,-0.834316065460147,-0.32607211542091774,-4.734926596681844,0.0001002920062363124,22.0,0.5597897061900932,0.43417132467590597,0.7217531360236807,control
M2,H2a adjusted,"C(cntry, Treatment(reference='DE'))[T.AT]",0.3933422482737278,0.04595277258338499,0.2980420308175272,0.4886424657299284,8.559706545670924,1.8868073684581975e-08,22.0,1.4819254889877225,1.3472184113807977,1.6301017981640107,country fixed effect
M2,H2a adjusted,"C(cntry, Treatment(reference='DE'))[T.BE]",0.6315499029300554,0.04016707470793553,0.548248488476779,0.7148513173833319,15.723074371788508,1.897872142631551e-13,22.0,1.8805229497654268,1.73021986231282,2.043882769827488,country fixed effect
M2,H2a adjusted,"C(cntry, Treatment(reference='DE'))[T.BG]",3.3320919276631207,0.1537932370786988,3.0131442752598283,3.651039580066413,21.666049762370427,2.4864927217473474e-16,22.0,27.99684786710252,20.351289485457055,38.51468434242458,country fixed effect
M2,H2a adjusted,"C(cntry, Treatment(reference='DE'))[T.CH]",1.9450693163012633,0.23421864725334962,1.4593295717616284,2.430809060840898,8.304502391721702,3.1575872051455825e-08,22.0,6.994116644527271,4.30307365897637,11.368075825336927,country fixed effect
M2,H2a adjusted,"C(cntry, Treatment(reference='DE'))[T.CZ]",2.407206167936361,0.07168426978495286,2.2585420914369814,2.555870244435741,33.58067502337388,2.1380464119429412e-20,22.0,11.102898140037814,9.569128078475918,12.882505709724928,country fixed effect
M2,H2a adjusted,"C(cntry, Treatment(reference='DE'))[T.EE]",1.1536500250102182,0.07663593510580377,0.9947168231606511,1.3125832268597852,15.053643221257573,4.571693533637683e-13,22.0,3.1697414562175927,2.7039585344236787,3.715759976106992,country fixed effect
M2,H2a adjusted,"C(cntry, Treatment(reference='DE'))[T.ES]",1.2290382181489612,0.15696775593537815,0.9035070165852482,1.5545694197126743,7.829876975848099,8.418789168197387e-08,22.0,3.417940641666537,2.468244123290904,4.733048129120977,country fixed effect
M2,H2a adjusted,"C(cntry, Treatment(reference='DE'))[T.FI]",1.396300234214619,0.20448699806059684,0.9722201562002044,1.8203803122290334,6.828308144074985,7.359169758344022e-07,22.0,4.040224396887599,2.643807614252897,6.174206129525249,country fixed effect
M2,H2a adjusted,"C(cntry, Treatment(reference='DE'))[T.FR]",1.5698972040153043,0.03246349632606962,1.5025720332946673,1.6372223747359413,48.35884552443009,7.782266860278637e-24,22.0,4.806154115036104,4.493230960543459,5.1408702513446185,country fixed effect
M2,H2a adjusted,"C(cntry, Treatment(reference='DE'))[T.GR]",2.1080017881343505,0.05417560788271883,1.9956484540090509,2.22035512225965,38.91053318123949,8.808852907920034e-22,22.0,8.231776007056101,7.356972139527254,9.210601174670042,country fixed effect
M2,H2a adjusted,"C(cntry, Treatment(reference='DE'))[T.HR]",0.834159661438285,0.1278632612940158,0.5689874874662505,1.0993318354103194,6.523841586678855,1.4600077682649886e-06,22.0,2.3028780377307467,1.7664775649727567,3.0021594170342056,country fixed effect
M2,H2a adjusted,"C(cntry, Treatment(reference='DE'))[T.HU]",3.6332926151628913,0.14395563564312838,3.334746899429603,3.9318383308961797,25.238974486347757,9.804216391040903e-18,22.0,37.83719506181839,28.0712774682646,51.00064761087628,country fixed effect
M2,H2a adjusted,"C(cntry, Treatment(reference='DE'))[T.IE]",2.1012409085011545,0.07161410475710869,1.9527223453633293,2.24975947163898,29.34116003583187,3.9121568154934537e-19,22.0,8.17630967218984,7.047848164664691,9.485454041237237,country fixed effect
M2,H2a adjusted,"C(cntry, Treatment(reference='DE'))[T.IS]",0.6504335429055396,0.11745626828643499,0.40684415144979236,0.8940229343612868,5.537665655436612,1.4483598767241511e-05,22.0,1.9163714781986063,1.5020699919887242,2.4449457495591056,country fixed effect
M2,H2a adjusted,"C(cntry, Treatment(reference='DE'))[T.IT]",2.8989066469064437,0.042955824504477665,2.8098217193569957,2.987991574455892,67.48576427870137,5.342134341600566e-27,22.0,18.154285470300135,16.606957255835436,19.84578365921558,country fixed effect
M2,H2a adjusted,"C(cntry, Treatment(reference='DE'))[T.LV]",-0.012167054154799203,0.15028577297915124,-0.32384067122539945,0.2995065629158011,-0.08095945420254189,0.9362062041688994,22.0,0.9879066651633931,0.7233654861352697,1.3491929014868034,country fixed effect
M2,H2a adjusted,"C(cntry, Treatment(reference='DE'))[T.NL]",1.0423076744473598,0.15495013683579767,0.7209607587955555,1.3636545900991641,6.726729615940285,9.23682390198077e-07,22.0,2.835753465261238,2.0564079739045797,3.9104583418203847,country fixed effect
M2,H2a adjusted,"C(cntry, Treatment(reference='DE'))[T.NO]",0.9355993049395834,0.2006547109183287,0.5194669040179938,1.351731705861173,4.6627328142841105,0.0001195792024657461,22.0,2.5487404728745564,1.6811312064835766,3.86411124427145,country fixed effect
M2,H2a adjusted,"C(cntry, Treatment(reference='DE'))[T.PL]",2.361112225456649,0.1548299609143789,2.0400145394116853,2.6822099115016123,15.249711435129445,3.522106457919552e-13,22.0,10.602737531422859,7.690721016625131,14.617360702231604,country fixed effect
M2,H2a adjusted,"C(cntry, Treatment(reference='DE'))[T.SE]",0.8995643986483963,0.057015772055904496,0.7813209245359011,1.0178078727608915,15.777465887270019,1.7694907478566088e-13,22.0,2.4585319380364883,2.1843557297381513,2.767122226502008,country fixed effect
M2,H2a adjusted,"C(cntry, Treatment(reference='DE'))[T.SI]",3.8492372710126728,0.05613978607782336,3.7328104806279816,3.965664061397364,68.56522868962657,3.77384215732512e-27,22.0,46.957233925811295,41.79641125193112,52.75529051220843,country fixed effect
M2,H2a adjusted,"C(cntry, Treatment(reference='DE'))[T.SK]",3.539324742514063,0.07194799527051607,3.3901137328328534,3.688535752195272,49.19281946920987,5.360106714277746e-24,22.0,34.44365300187477,29.66932645503401,39.98625428560296,country fixed effect
M2,H2a adjusted,distrust_index_three,0.07632718584798028,0.10905989893845648,-0.1498492013488194,0.30250357304478,0.6998648136566898,0.4913466897167883,22.0,1.0793156532001318,0.860837779813805,1.3532425116086262,focal
M2,H2a adjusted,viepol,0.06313576066399369,0.013093278325113847,0.03598196337496856,0.09028955795301882,4.821997905818192,8.114437554772559e-05,22.0,1.0651714377973471,1.0366371488867552,1.0944911564453428,focal
M2,H2a adjusted,age_decades_50,-0.125133729161506,0.035368714480182153,-0.1984839535683429,-0.05178350475466911,-3.5379778711386614,0.0018476810178848849,22.0,0.8823788949044911,0.819972928274393,0.9495344142780348,control
S1,Expanded: + political interest,Intercept,-3.440789329209803,0.7425612475336122,-4.980767101738976,-1.9008115566806303,-4.633677478643342,0.0001283577936374845,22.0,0.03203938572130113,0.006868791474141651,0.14944728505193017,intercept
S1,Expanded: + political interest,"C(gndr, Treatment(reference=1))[T.2.0]",-0.1644486056204339,0.08129188230406116,-0.33303765097005017,0.004140439729182377,-2.0229400643638242,0.05539876034696509,22.0,0.8483613568295174,0.7167432075706247,1.0041490231921062,control
S1,Expanded: + political interest,"C(eisced_model, Treatment(reference=4))[T.1.0]",0.12492863703750057,0.2999951769321121,-0.49722328090310963,0.7470805549781108,0.4164354851137207,0.6811261806001334,22.0,1.1330675911215722,0.6082171653709377,2.1108285644438465,control
S1,Expanded: + political interest,"C(eisced_model, Treatment(reference=4))[T.2.0]",0.5721791819197876,0.19252657897702485,0.17290349492363838,0.9714548689159368,2.9719490418414827,0.007036969559218709,22.0,1.7721246286762835,1.1887513790056907,2.6417851158985046,control
S1,Expanded: + political interest,"C(eisced_model, Treatment(reference=4))[T.3.0]",0.5627640848595274,0.12494783097281281,0.3036381433119865,0.8218900264070683,4.503992430104516,0.0001761458237673148,22.0,1.755518201527702,1.3547787316366096,2.2747952000782483,control
S1,Expanded: + political interest,"C(eisced_model, Treatment(reference=4))[T.5.0]",0.17392393928575278,0.09681552182853895,-0.026859163989528423,0.374707042561034,1.7964468506793099,0.08616932175927929,22.0,1.189965052786319,0.9734983354919978,1.4545652264901967,control
S1,Expanded: + political interest,"C(eisced_model, Treatment(reference=4))[T.6.0]",-0.21681667893087908,0.12004920107233769,-0.46578348385819524,0.0321501259964371,-1.8060651549045503,0.08460960109632754,22.0,0.805077543453854,0.6276431642130309,1.0326725246603676,control
S1,Expanded: + political interest,"C(eisced_model, Treatment(reference=4))[T.7.0]",-0.563662825489953,0.1018319391026108,-0.7748493414473003,-0.35247630953260556,-5.535226280253575,1.4567903786726115e-05,22.0,0.5691206518089785,0.46077319519262405,0.7029452227143387,control
S1,Expanded: + political interest,"C(polintr, Treatment(reference=4))[T.1.0]",-0.212152607017128,0.18184171669810362,-0.5892692458987587,0.16496403186450279,-1.1666883203118181,0.25582768568055697,22.0,0.8088412532965129,0.5547325097131317,1.1793506989027776,control
S1,Expanded: + political interest,"C(polintr, Treatment(reference=4))[T.2.0]",-0.3909508502923754,0.18743922481025366,-0.7796760104951685,-0.002225690089582344,-2.0857472638832046,0.04881115180315467,22.0,0.6764134007431786,0.45855455410369256,0.9977767849220616,control
S1,Expanded: + political interest,"C(polintr, Treatment(reference=4))[T.3.0]",-0.18256927754244057,0.11775685955679777,-0.4267820571382402,0.061643502053359056,-1.5503918687164189,0.1353146672724897,22.0,0.8331269249431377,0.6526057674985056,1.0635831119387067,control
S1,Expanded: + political interest,"C(cntry, Treatment(reference='DE'))[T.AT]",0.40218647741112257,0.05720725359006831,0.28354589490192406,0.5208270599203211,7.030340597943784,4.70172776613602e-07,22.0,1.495090107215246,1.3278298195347913,1.6834193627885519,country fixed effect
S1,Expanded: + political interest,"C(cntry, Treatment(reference='DE'))[T.BE]",0.5644830613213153,0.041818209030384475,0.47775740386522003,0.6512087187774106,13.498499204286116,4.019776101724843e-12,22.0,1.7585384911540398,1.6124542607598238,1.9178575790503931,country fixed effect
S1,Expanded: + political interest,"C(cntry, Treatment(reference='DE'))[T.BG]",3.306077284990415,0.1445672415310103,3.0062631762780763,3.6058913937027537,22.868785832655227,7.95126205608816e-17,22.0,27.277911850896214,20.21173095679479,36.81448543599961,country fixed effect
S1,Expanded: + political interest,"C(cntry, Treatment(reference='DE'))[T.CH]",1.9193105008107594,0.23519514872102693,1.4315456161765399,2.407075385444979,8.160502081985202,4.238302171162269e-08,22.0,6.816257044956721,4.185162850872324,11.101446170305675,country fixed effect
S1,Expanded: + political interest,"C(cntry, Treatment(reference='DE'))[T.CZ]",2.2991322732871415,0.12314759653678954,2.0437397894523825,2.5545247571219005,18.6697291538312,5.5869091598332396e-15,22.0,9.965531344202462,7.719424305675536,12.865184117326587,country fixed effect
S1,Expanded: + political interest,"C(cntry, Treatment(reference='DE'))[T.EE]",1.1124715593910852,0.08385723067307269,0.9385623071491844,1.286380811632986,13.266256832737382,5.6574935118866e-12,22.0,3.041867266911108,2.5563035957690126,3.6196625803054077,country fixed effect
S1,Expanded: + political interest,"C(cntry, Treatment(reference='DE'))[T.ES]",1.2000529320578284,0.14493544525091612,0.899475215567275,1.5006306485483818,8.279913377850841,3.319705680894281e-08,22.0,3.320292668008737,2.4583126883600452,4.484516332455243,country fixed effect
S1,Expanded: + political interest,"C(cntry, Treatment(reference='DE'))[T.FI]",1.3825046940004366,0.2095845482737891,0.9478529438865944,1.817156444114279,6.596405629075349,1.238747545956664e-06,22.0,3.9848700184265557,2.580163951187996,6.154333354065944,country fixed effect
S1,Expanded: + political interest,"C(cntry, Treatment(reference='DE'))[T.FR]",1.5080990752465582,0.05316519134465202,1.39784121676692,1.6183569337261963,28.366286984091904,8.077779361006677e-19,22.0,4.518133993219895,4.046455111668998,5.044794571382111,country fixed effect
S1,Expanded: + political interest,"C(cntry, Treatment(reference='DE'))[T.GR]",1.999433651704636,0.08040981942926342,1.8326738927952608,2.1661934106140115,24.86554087419061,1.3465208265430983e-17,22.0,7.384872504402312,6.250577708241542,8.725008223539042,country fixed effect
S1,Expanded: + political interest,"C(cntry, Treatment(reference='DE'))[T.HR]",0.7395250806066677,0.11125242167476199,0.5088016795562768,0.9702484816570586,6.64727175799025,1.1043920318278178e-06,22.0,2.0949403504014255,1.6632968376404493,2.638600021608866,country fixed effect
S1,Expanded: + political interest,"C(cntry, Treatment(reference='DE'))[T.HU]",3.5535725059431678,0.1718441760781481,3.197189497298539,3.9099555145877964,20.679039505692298,6.623411622331905e-16,22.0,34.93791069369936,24.463678254323657,49.89673224733388,country fixed effect
S1,Expanded: + political interest,"C(cntry, Treatment(reference='DE'))[T.IE]",2.044119861753919,0.08193737716135396,1.8741921420042928,2.2140475815035456,24.94734311214974,1.2556327423604895e-17,22.0,7.722358802663118,6.515553351748205,9.152687769960135,country fixed effect
S1,Expanded: + political interest,"C(cntry, Treatment(reference='DE'))[T.IS]",0.6318069387763026,0.11915886881917603,0.38468656993030464,0.8789273076223005,5.302223368157947,2.5422722883349573e-05,22.0,1.8810063736991853,1.4691537723006947,2.408314939256605,country fixed effect
S1,Expanded: + political interest,"C(cntry, Treatment(reference='DE'))[T.IT]",2.8417267120908516,0.059910154158761685,2.7174806568870173,2.965972767294686,47.433139707173616,1.186025053964798e-23,22.0,17.145345066759397,15.142125939655507,19.41357895382414,country fixed effect
S1,Expanded: + political interest,"C(cntry, Treatment(reference='DE'))[T.LV]",-0.04069147032040517,0.13470779965525562,-0.3200583480620509,0.2386754074212406,-0.30207211775816123,0.7654343042071925,22.0,0.9601253114097638,0.7261066689206793,1.2695663778711261,country fixed effect
S1,Expanded: + political interest,"C(cntry, Treatment(reference='DE'))[T.NL]",1.0455496192976357,0.15131534281668724,0.7317408050694432,1.3593584335258282,6.909739619493042,6.139417785551718e-07,22.0,2.8449617398987934,2.078696064505231,3.893694436475709,country fixed effect
S1,Expanded: + political interest,"C(cntry, Treatment(reference='DE'))[T.NO]",0.8805888388836091,0.22311652107457006,0.4178734948226173,1.3433041829446009,3.946766625091373,0.0006866669401243878,22.0,2.412319755957992,1.518728535226451,3.831683194203984,country fixed effect
S1,Expanded: + political interest,"C(cntry, Treatment(reference='DE'))[T.PL]",2.343278818126886,0.14684256371808477,2.038745980009969,2.6478116562438028,15.957762918288614,1.4049039885317302e-13,22.0,10.41533061290366,7.6809710656769905,14.123098609345812,country fixed effect
S1,Expanded: + political interest,"C(cntry, Treatment(reference='DE'))[T.SE]",0.8732101815398415,0.05836635741060002,0.7521657648343376,0.9942545982453455,14.960847657442748,5.177454187369249e-13,22.0,2.3945855827296745,2.121589909322971,2.7027089862275164,country fixed effect
S1,Expanded: + political interest,"C(cntry, Treatment(reference='DE'))[T.SI]",3.828384473083433,0.05028407575259311,3.7241016826356845,3.9326672635311817,76.1351265939497,3.803908318702659e-28,22.0,45.98818304143118,41.433995144432174,51.04294123894969,country fixed effect
S1,Expanded: + political interest,"C(cntry, Treatment(reference='DE'))[T.SK]",3.498237188637862,0.058969616986069354,3.375941688145837,3.620532689129887,59.32270493573437,8.975371497663486e-26,22.0,33.05712708669444,29.25181690461561,37.357462436920976,country fixed effect
S1,Expanded: + political interest,distrust_index_three,0.06741417583969526,0.11142834191477045,-0.16367406145854846,0.29850241313793896,0.6050002600887587,0.551368847981328,22.0,1.0697384462541615,0.8490187047052358,1.3478387897137813,focal
S1,Expanded: + political interest,viepol,0.0656751694559547,0.01277306298100171,0.03918545814501334,0.09216488076689605,5.141693073434154,3.740757553149767e-05,22.0,1.0678797808510991,1.0399633354377098,1.0965456064570032,focal
S1,Expanded: + political interest,age_decades_50,-0.11507275850221556,0.043365768370111364,-0.20500785759395376,-0.025137659410477353,-2.6535390199963853,0.014511400575723681,22.0,0.8913012918005747,0.8146409152687355,0.9751756606815027,control
S1-U,Expanded unweighted,Intercept,-3.6830826336904874,0.48710576594160165,-4.693278162897537,-2.672887104483438,-7.561155895108099,1.4865589692043976e-07,22.0,0.025145341362481966,0.00915662001032308,0.0690525752431477,intercept
S1-U,Expanded unweighted,"C(gndr, Treatment(reference=1))[T.2.0]",-0.22922771786904786,0.0667160047780696,-0.3675882433764427,-0.09086719236165303,-3.4358729757810367,0.0023601396727728576,22.0,0.7951474436057367,0.6924022242026129,0.913138974677419,control
S1-U,Expanded unweighted,"C(eisced_model, Treatment(reference=4))[T.1.0]",0.1382662900767193,0.1688603796788402,-0.2119287035752756,0.4884612837287142,0.8188202012792547,0.42167060000235357,22.0,1.1482812854768518,0.8090223759132701,1.6298064798120293,control
S1-U,Expanded unweighted,"C(eisced_model, Treatment(reference=4))[T.2.0]",0.46698738827385033,0.16099999926866776,0.1330938258579925,0.8008809506897081,2.9005427974851603,0.008295057912449142,22.0,1.5951812853006093,1.1423571759449667,2.227502384154403,control
S1-U,Expanded unweighted,"C(eisced_model, Treatment(reference=4))[T.3.0]",0.5074563646029435,0.09060980155327235,0.3195431374734837,0.6953695917324034,5.600457741920933,1.2476077301742565e-05,22.0,1.6610606840356437,1.3764987499636954,2.0044497651172817,control
S1-U,Expanded unweighted,"C(eisced_model, Treatment(reference=4))[T.5.0]",0.2050387465084936,0.07233716883169719,0.0550206402600103,0.3550568527569769,2.8344867489291112,0.009648082841923604,22.0,1.227572628194982,1.0565624221735481,1.426261738888543,control
S1-U,Expanded unweighted,"C(eisced_model, Treatment(reference=4))[T.6.0]",-0.27579611588002817,0.07689322652428594,-0.43526290747298824,-0.1163293242870681,-3.5867413600198033,0.0016431370699820213,22.0,0.7589676564403713,0.647094518727675,0.8901820164621244,control
S1-U,Expanded unweighted,"C(eisced_model, Treatment(reference=4))[T.7.0]",-0.5240763491678269,0.09717630121688797,-0.72560766310006,-0.32254503523559375,-5.393046891115354,2.0451060826421876e-05,22.0,0.5921020073861657,0.4840303521877458,0.7243033119021058,control
S1-U,Expanded unweighted,"C(polintr, Treatment(reference=4))[T.1.0]",-0.12572505533728703,0.11409412944473445,-0.36234179759867746,0.1108916869241034,-1.1019414929511027,0.28239694414759525,22.0,0.8818572754058084,0.6960444208676099,1.1172738849293524,control
S1-U,Expanded unweighted,"C(polintr, Treatment(reference=4))[T.2.0]",-0.20879775505685114,0.0974907683263399,-0.41098123385811824,-0.006614276255584001,-2.141718222569782,0.04354223820781243,22.0,0.8115593528220907,0.6629993734242937,0.9934075499216409,control
S1-U,Expanded unweighted,"C(polintr, Treatment(reference=4))[T.3.0]",-0.06982631879822035,0.058484284004233736,-0.19111530029025087,0.05146266269381018,-1.1939330366627308,0.24521953648728087,22.0,0.9325557732488399,0.8260373403151514,1.052809876473559,control
S1-U,Expanded unweighted,"C(cntry, Treatment(reference='DE'))[T.AT]",0.4324060086093373,0.038182674900774885,0.3532199874720853,0.5115920297465893,11.32466517165255,1.1991444874711577e-10,22.0,1.5409606314530542,1.4236442928970026,1.6679444995745083,country fixed effect
S1-U,Expanded unweighted,"C(cntry, Treatment(reference='DE'))[T.BE]",0.7618487287515089,0.0387583481228528,0.6814688344230759,0.8422286230799418,19.65637767473133,1.913443417020635e-15,22.0,2.1422329695752635,1.9767791621288995,2.3215350423832555,country fixed effect
S1-U,Expanded unweighted,"C(cntry, Treatment(reference='DE'))[T.BG]",3.3183259837432977,0.08085524148021962,3.150642476038594,3.4860094914480015,41.04033236429194,2.7694432251607314e-22,22.0,27.614085417119302,23.351062260580058,32.65537579895172,country fixed effect
S1-U,Expanded unweighted,"C(cntry, Treatment(reference='DE'))[T.CH]",2.059168981735356,0.15600847497716647,1.735627207115431,2.3827107563552805,13.199084101275508,6.2507956520473495e-12,22.0,7.8394523745313895,5.672484510939805,10.83423205722668,country fixed effect
S1-U,Expanded unweighted,"C(cntry, Treatment(reference='DE'))[T.CZ]",2.3947925061626116,0.06807124060176967,2.2536213935797864,2.535963618745437,35.18067960847996,7.81782880555701e-21,22.0,10.965922461670289,9.522156950586117,12.628594136747884,country fixed effect
S1-U,Expanded unweighted,"C(cntry, Treatment(reference='DE'))[T.EE]",1.2044798815610736,0.0555884792130133,1.0891964316354625,1.3197633314866846,21.66779697184276,2.482274363435712e-16,22.0,3.3350240194017737,2.9718850000309995,3.742535532118754,country fixed effect
S1-U,Expanded unweighted,"C(cntry, Treatment(reference='DE'))[T.ES]",1.3009720192038006,0.0935376473624562,1.1069868115036987,1.4949572269039024,13.908539030948301,2.223527788399137e-12,22.0,3.672865028421269,3.0252290617353745,4.459145817296124,country fixed effect
S1-U,Expanded unweighted,"C(cntry, Treatment(reference='DE'))[T.FI]",1.4127059185386608,0.1513251063653638,1.0988768559498208,1.7265349811275008,9.335568647331936,4.15405851558223e-09,22.0,4.10705373454985,3.0007938068481628,5.621142758954435,country fixed effect
S1-U,Expanded unweighted,"C(cntry, Treatment(reference='DE'))[T.FR]",1.523779695401075,0.03814251177808448,1.4446769674822935,1.6028824233198564,39.94964212809373,4.9714358580990745e-22,22.0,4.589539514498707,4.240482107937823,4.967329756141463,country fixed effect
S1-U,Expanded unweighted,"C(cntry, Treatment(reference='DE'))[T.GR]",2.1709053103943714,0.05932638112610821,2.047869926360726,2.293940694428017,36.592579375097,3.335708144711716e-21,22.0,8.766216596490576,7.751372514735818,9.913928568198338,country fixed effect
S1-U,Expanded unweighted,"C(cntry, Treatment(reference='DE'))[T.HR]",0.8424779931952985,0.0963393199062317,0.6426824722615744,1.0422735141290225,8.7449028497948,1.3054901387382832e-08,22.0,2.3221140360334354,1.9015749659767824,2.8356565966746787,country fixed effect
S1-U,Expanded unweighted,"C(cntry, Treatment(reference='DE'))[T.HU]",3.595203980849661,0.12216789838271383,3.341843266631315,3.8485646950680072,29.42838526686455,3.6705424073453737e-19,22.0,36.42312885095073,28.27119004860015,46.92566223821371,country fixed effect
S1-U,Expanded unweighted,"C(cntry, Treatment(reference='DE'))[T.IE]",1.9589473847679002,0.07705080699203556,1.7991537912868465,2.118740978248954,25.424099516185326,8.39085200390349e-18,22.0,7.091858136993596,6.044530365389292,8.320655004601525,country fixed effect
S1-U,Expanded unweighted,"C(cntry, Treatment(reference='DE'))[T.IS]",0.86032289185221,0.09372948311707761,0.6659398411471377,1.0547059425572822,9.178786260643085,5.605147343795038e-09,22.0,2.3639238622430763,1.9463188925936887,2.8711307523894,country fixed effect
S1-U,Expanded unweighted,"C(cntry, Treatment(reference='DE'))[T.IT]",2.993728470538222,0.055010869043375876,2.8796429107871697,3.1078140302892745,54.420672179850094,5.912288472232322e-25,22.0,19.959964065144234,17.807913030463258,22.37208620686335,country fixed effect
S1-U,Expanded unweighted,"C(cntry, Treatment(reference='DE'))[T.LV]",-0.04010127550855771,0.08595773939027258,-0.218366716207957,0.13816416519084157,-0.46652315187683696,0.6454277688199204,22.0,0.9606921396403681,0.8038306098969683,1.1481640233694084,country fixed effect
S1-U,Expanded unweighted,"C(cntry, Treatment(reference='DE'))[T.NL]",1.1317729310747102,0.10732752907618637,0.9091892590789211,1.3543566030704994,10.545038545248927,4.556809478974484e-10,22.0,3.101149753871641,2.4823092076988837,3.8742674627764364,country fixed effect
S1-U,Expanded unweighted,"C(cntry, Treatment(reference='DE'))[T.NO]",0.7348695321967436,0.15466036459377652,0.41412356739349315,1.055615496999994,4.751505236179396,9.632448130098403e-05,22.0,2.085209921999341,1.5130440782465995,2.8737433901088476,country fixed effect
S1-U,Expanded unweighted,"C(cntry, Treatment(reference='DE'))[T.PL]",2.394366776097954,0.09231919436749328,2.2029084852486127,2.5858250669472955,25.935741667835003,5.48692841353173e-18,22.0,10.961254932415915,9.051300827687982,13.274236707046066,country fixed effect
S1-U,Expanded unweighted,"C(cntry, Treatment(reference='DE'))[T.SE]",1.0623580524488527,0.052266353746170294,0.9539642690571255,1.17075183584058,20.32584973515002,9.502347350412478e-16,22.0,2.8931852344637843,2.5959804527524653,3.2244159589276453,country fixed effect
S1-U,Expanded unweighted,"C(cntry, Treatment(reference='DE'))[T.SI]",3.8791429870755176,0.040624853274256995,3.7948921979824832,3.963393776168552,95.48694147613423,2.6463287269142146e-30,22.0,48.38273267118662,44.47344182034625,52.63565680811713,country fixed effect
S1-U,Expanded unweighted,"C(cntry, Treatment(reference='DE'))[T.SK]",3.766818404485059,0.03256410929900297,3.6992845752295738,3.8343522337405442,115.67392708021617,3.9241259501277146e-32,22.0,43.2422663419065,40.41837770528771,46.26345005776301,country fixed effect
S1-U,Expanded unweighted,distrust_index_three,0.10289490208753704,0.07204368098533045,-0.04651454762060914,0.2523043517956832,1.4282293836219795,0.16726945806963708,22.0,1.1083749150646762,0.9545506740279045,1.2869876746938584,focal
S1-U,Expanded unweighted,viepol,0.051056496766658445,0.011106744914955221,0.028022517615452828,0.07409047591786407,4.596891092538816,0.00014040795197505992,22.0,1.0523823478036334,1.0284188417007025,1.0769042349877542,focal
S1-U,Expanded unweighted,age_decades_50,-0.11338239374892081,0.037172885251069536,-0.1904742393274007,-0.03629054817044093,-3.0501370281893463,0.005869675158612895,22.0,0.8928091901788883,0.8265670503779647,0.9643600597233924,control
