cntry,measure,measure_label,weighting,non_populist_n,populist_n,non_populist_mean,populist_mean,difference,se,ci_low,ci_high
AT,distrust_index_three,Political distrust index,weighted,1172,113,6.018583978777425,7.695135959575918,1.676551980798493,0.24705924652345349,1.1923247555649217,2.1607792060320645
AT,distrust_index_three,Political distrust index,unweighted,1172,113,6.045790671217293,7.722713864306784,1.6769231930894914,0.17342740820339098,1.3370117190787187,2.016834667100264
AT,viepol,People's views should prevail (viepol),weighted,1172,113,6.415268113256769,7.803467761411618,1.388199648154849,0.3144776577586918,0.7718347650053,2.004564531304398
AT,viepol,People's views should prevail (viepol),unweighted,1172,113,6.433447098976109,7.6371681415929205,1.2037210426168112,0.21611270875146027,0.7801479168625549,1.6272941683710676
BE,distrust_index_three,Political distrust index,weighted,748,80,5.672493318929316,6.844901506049503,1.1724081871201868,0.2419245620836769,0.6982447584605558,1.6465716157798178
BE,distrust_index_three,Political distrust index,unweighted,748,80,5.508021390374331,6.791666666666667,1.2836452762923356,0.22742787371385323,0.8378948347326596,1.7293957178520116
BE,viepol,People's views should prevail (viepol),weighted,748,80,7.131909003854268,7.478141279760937,0.3462322759066687,0.2264360326382136,-0.09757419286636615,0.7900387446797036
BE,viepol,People's views should prevail (viepol),unweighted,748,80,7.060160427807487,7.3875,0.3273395721925132,0.2219613643383388,-0.10769670787000396,0.7623758522550304
BG,distrust_index_three,Political distrust index,weighted,554,821,7.64002687454718,7.488352220644925,-0.15167465390225487,0.15019991675569005,-0.4460610812243216,0.14271177341981184
BG,distrust_index_three,Political distrust index,unweighted,554,821,7.49939831528279,7.389768574908648,-0.10962974037414241,0.11472663011535715,-0.3344898034678908,0.11523032271960595
BG,viepol,People's views should prevail (viepol),weighted,554,821,7.986702919315266,7.909624830381187,-0.07707808893407897,0.16093262932536048,-0.39250024634912006,0.23834406848096212
BG,viepol,People's views should prevail (viepol),unweighted,554,821,7.870036101083032,7.861144945188794,-0.008891155894238167,0.11833319533031407,-0.24081995691719704,0.2230376451287207
CH,distrust_index_three,Political distrust index,weighted,469,167,3.7904990777800114,4.295282179028223,0.5047831012482114,0.1570384654141761,0.19699336484898727,0.8125728376474355
CH,distrust_index_three,Political distrust index,unweighted,469,167,3.7945984363894807,4.327345309381237,0.5327468729917566,0.15636343374379155,0.22628017435491016,0.8392135716286031
CH,viepol,People's views should prevail (viepol),weighted,469,167,7.120092192975778,7.028397795557294,-0.09169439741848429,0.20531192988353283,-0.4940983855866215,0.31070959074965293
CH,viepol,People's views should prevail (viepol),unweighted,469,167,7.0788912579957355,7.041916167664671,-0.036975090331064386,0.20283239590047983,-0.43451928119397454,0.36056910053184577
CZ,distrust_index_three,Political distrust index,weighted,807,504,5.5863576017920975,5.311219356731147,-0.2751382450609503,0.15133505305742884,-0.571749498651969,0.021473008530068394
CZ,distrust_index_three,Political distrust index,unweighted,807,504,5.714580751755474,5.311507936507937,-0.4030728152475369,0.13572665934925932,-0.6690921793140218,-0.13705345118105206
CZ,viepol,People's views should prevail (viepol),weighted,807,504,7.429383393671341,7.803843299684135,0.37445990601279355,0.13349097283439745,0.11282240699615981,0.6360974050294272
CZ,viepol,People's views should prevail (viepol),unweighted,807,504,7.522924411400248,7.75,0.2270755885997522,0.11881615458651824,-0.005799795171367139,0.4599509723708715
DE,distrust_index_three,Political distrust index,weighted,5102,295,5.430425317833546,8.15772638949787,2.727301071664325,0.12058563255637093,2.4909575748008574,2.9636445685277923
DE,distrust_index_three,Political distrust index,unweighted,5102,295,5.329935972821116,8.100564971751414,2.770628998930298,0.10873491182537644,2.557512487890422,2.983745509970174
DE,viepol,People's views should prevail (viepol),weighted,5102,295,6.495417049266938,7.423515024423188,0.9280979751562501,0.17114962505066192,0.5926508740894185,1.2635450762230818
DE,viepol,People's views should prevail (viepol),unweighted,5102,295,6.398667189337515,7.4135593220338984,1.0148921326963833,0.15271462198511718,0.715576973692905,1.3142072916998617
EE,distrust_index_three,Political distrust index,weighted,780,120,5.3030549827861835,6.301203697966339,0.9981487151801556,0.19129195985852462,0.6232233633253657,1.3730740670349455
EE,distrust_index_three,Political distrust index,unweighted,780,120,5.325213675213676,6.311111111111111,0.9858974358974351,0.19041552245100676,0.6126898697960836,1.3591050019987865
EE,viepol,People's views should prevail (viepol),weighted,780,120,7.151132682599123,7.651376482026281,0.5002437994271585,0.21081354002396255,0.08705685352679865,0.9134307453275183
EE,viepol,People's views should prevail (viepol),unweighted,780,120,7.137179487179488,7.658333333333333,0.5211538461538456,0.2067168728014396,0.11599622046627656,0.9263114718414147
ES,distrust_index_three,Political distrust index,weighted,1104,267,7.279390878502927,7.584275872825765,0.30488499432283866,0.14754880058488645,0.015694659214378737,0.5940753294312986
ES,distrust_index_three,Political distrust index,unweighted,1104,267,7.219504830917875,7.4818976279650435,0.2623927970471689,0.14349970431054915,-0.018861455193654564,0.5436470492879923
ES,viepol,People's views should prevail (viepol),weighted,1104,267,7.655631380491272,7.908157404059481,0.2525260235682092,0.1669051524589517,-0.07460206408550302,0.5796541112219213
ES,viepol,People's views should prevail (viepol),unweighted,1104,267,7.653985507246377,7.925093632958801,0.2711081257124244,0.15741361892266661,-0.037416898052114955,0.5796331494769638
FI,distrust_index_three,Political distrust index,weighted,931,146,3.818526679428345,5.258701411289549,1.4401747318612044,0.19757905330941591,1.0529269032752298,1.827422560447179
FI,distrust_index_three,Political distrust index,unweighted,931,146,3.76047261009667,5.127853881278538,1.367381271181868,0.1764535094121212,1.021538747788411,1.713223794575325
FI,viepol,People's views should prevail (viepol),weighted,931,146,7.479498254943119,7.554982488506009,0.07548423356289025,0.2314427876454438,-0.37813529470373136,0.5291037618295118
FI,viepol,People's views should prevail (viepol),unweighted,931,146,7.487647690655209,7.726027397260274,0.23837970660506436,0.18745919319234874,-0.12903356062287524,0.6057929738330039
FR,distrust_index_three,Political distrust index,weighted,638,157,5.468581585738121,6.737179214406215,1.2685976286680942,0.17548203848065744,0.9246591533123338,1.6125361040238546
FR,distrust_index_three,Political distrust index,unweighted,638,157,5.461337513061652,6.762208067940551,1.300870554878899,0.16732963843754603,0.9729104899951997,1.6288306197625984
FR,viepol,People's views should prevail (viepol),weighted,638,157,7.236621787518745,7.821989994538439,0.5853682070196937,0.18104137065858114,0.2305336408171082,0.9402027732222793
FR,viepol,People's views should prevail (viepol),unweighted,638,157,7.230407523510972,7.828025477707007,0.5976179541960347,0.17119341269653177,0.2620850309203304,0.933150877471739
GR,distrust_index_three,Political distrust index,weighted,1135,568,5.70142609528348,6.4222777213162,0.7208516260327196,0.12481991455487251,0.4762090889518026,0.9654941631136366
GR,distrust_index_three,Political distrust index,unweighted,1135,568,5.683113069016152,6.431924882629107,0.7488118136129547,0.0974067885206514,0.5578980162627684,0.939725610963141
GR,viepol,People's views should prevail (viepol),weighted,1135,568,8.006232223426373,8.05882024242172,0.052588018995347596,0.10592833432197016,-0.155027701218032,0.2602037392087272
GR,viepol,People's views should prevail (viepol),unweighted,1135,568,7.957709251101321,8.022887323943662,0.06517807284234056,0.08590993756918579,-0.10320231070734809,0.2335584563920292
HR,distrust_index_three,Political distrust index,weighted,556,96,6.994716660012013,7.911105805668647,0.916389145656634,0.22819161449923317,0.469141799664089,1.363636491649179
HR,distrust_index_three,Political distrust index,unweighted,556,96,6.99220623501199,7.9375,0.9452937649880102,0.2150942009059586,0.5237168779289088,1.3668706520471117
HR,viepol,People's views should prevail (viepol),weighted,556,96,8.365224698724807,8.688673756927242,0.32344905820243497,0.22293823590093864,-0.11350185494029924,0.7603999713451692
HR,viepol,People's views should prevail (viepol),unweighted,556,96,8.370503597122303,8.729166666666666,0.3586630695443631,0.2172425158438015,-0.0671244374203599,0.7844505765090861
HU,distrust_index_three,Political distrust index,weighted,331,672,6.1421856142058875,4.542501457271633,-1.5996841569342548,0.14816414196807354,-1.8900805389919584,-1.3092877748765512
HU,distrust_index_three,Political distrust index,unweighted,331,672,6.173212487411884,4.549107142857143,-1.6241053445547404,0.13395569014804487,-1.8866536727691154,-1.3615570163403654
HU,viepol,People's views should prevail (viepol),weighted,331,672,8.149814035011145,7.906712486012682,-0.24310154899846292,0.1386797561037355,-0.5149088763465832,0.02870577834965743
HU,viepol,People's views should prevail (viepol),unweighted,331,672,8.154078549848943,8.004464285714286,-0.14961426413465695,0.12441159366427479,-0.3934565069758671,0.09422797870655322
IE,distrust_index_three,Political distrust index,weighted,758,283,4.949504165197007,6.6519373600865475,1.7024331948895401,0.20155687493835572,1.307388979173919,2.097477410605161
IE,distrust_index_three,Political distrust index,unweighted,758,283,4.96042216358839,6.670200235571261,1.7097780719828704,0.1600885554090673,1.3960102690440537,2.023545874921687
IE,viepol,People's views should prevail (viepol),weighted,758,283,7.9274755947062205,8.037637340886816,0.11016174618059527,0.17889836504773646,-0.24047260620606742,0.46079609856725795
IE,viepol,People's views should prevail (viepol),unweighted,758,283,7.91820580474934,7.897526501766785,-0.020679302982555825,0.14181726844322612,-0.29863604151712775,0.2572774355520161
IS,distrust_index_three,Political distrust index,weighted,527,62,4.570752450655534,6.297590161587311,1.7268377109317772,0.28564064552591084,1.1669923331802199,2.2866830886833345
IS,distrust_index_three,Political distrust index,unweighted,527,62,4.536369386464263,6.28494623655914,1.748576850094877,0.26911428255730113,1.221122548557231,2.276031151632523
IS,viepol,People's views should prevail (viepol),weighted,527,62,7.059759635290287,7.552557564885017,0.49279792959473045,0.313449120371404,-0.12155105731898153,1.1071469165084424
IS,viepol,People's views should prevail (viepol),unweighted,527,62,7.121442125237191,7.82258064516129,0.7011385199240987,0.27998462173851396,0.15237874509154103,1.2498982947566564
IT,distrust_index_three,Political distrust index,weighted,476,545,5.78011870504866,6.586606715817962,0.8064880107693018,0.1349883038763703,0.5419157968374674,1.071060224701136
IT,distrust_index_three,Political distrust index,unweighted,476,545,5.764705882352941,6.609174311926606,0.8444684295736646,0.12766080143021716,0.5942578565329195,1.0946790026144098
IT,viepol,People's views should prevail (viepol),weighted,476,545,7.453926411304363,7.541778315570579,0.08785190426621625,0.1249634521170304,-0.1570719612669589,0.3327757697993914
IT,viepol,People's views should prevail (viepol),unweighted,476,545,7.447478991596639,7.4990825688073395,0.051603577210700635,0.11874671552829079,-0.18113570850717248,0.28434286292857375
LV,distrust_index_three,Political distrust index,weighted,537,29,7.124122026057005,8.25542426060364,1.1313022345466344,0.435481309125289,0.27777455272071394,1.9848299163725547
LV,distrust_index_three,Political distrust index,unweighted,537,29,7.081315952824332,8.011494252873565,0.9301783000492323,0.4547569159157287,0.0388711231338944,1.82148547696457
LV,viepol,People's views should prevail (viepol),weighted,537,29,7.344317292584951,8.293791029940172,0.9494737373552207,0.3974201053438996,0.17054464414906323,1.7284028305613781
LV,viepol,People's views should prevail (viepol),unweighted,537,29,7.320297951582868,8.241379310344827,0.9210813587619597,0.3860564269343961,0.16442466597032446,1.677738051553595
NL,distrust_index_three,Political distrust index,weighted,970,146,4.33484310338424,5.538930763881889,1.204087660497649,0.16796886954342366,0.8748747256686318,1.533300595326666
NL,distrust_index_three,Political distrust index,unweighted,970,146,4.266666666666666,5.531963470319635,1.2652968036529693,0.1618292426463815,0.9481173164206682,1.5824762908852703
NL,viepol,People's views should prevail (viepol),weighted,970,146,6.463519911887896,7.372062525011587,0.9085426131236911,0.1865269835280338,0.542956443263849,1.2741287829835333
NL,viepol,People's views should prevail (viepol),unweighted,970,146,6.393814432989691,7.383561643835616,0.9897472108459251,0.18061498119480382,0.6357483526357305,1.3437460690561198
NO,distrust_index_three,Political distrust index,weighted,943,89,3.808877681180691,5.397795178292852,1.5889174971121611,0.35029232209454625,0.9023571617459463,2.275477832478376
NO,distrust_index_three,Political distrust index,unweighted,943,89,3.620007069635914,4.910112359550562,1.2901052899146475,0.23053232199439294,0.8382702415332464,1.7419403382960486
NO,viepol,People's views should prevail (viepol),weighted,943,89,8.117382229675398,8.061734778305299,-0.05564745137009908,0.28001064085778116,-0.6044582227393299,0.49316331999913177
NO,viepol,People's views should prevail (viepol),unweighted,943,89,8.138918345705196,7.887640449438202,-0.2512778962669939,0.18844191462588605,-0.6206172621115023,0.1180614695775144
PL,distrust_index_three,Political distrust index,weighted,784,564,8.439267337355908,6.494483298308804,-1.9447840390471036,0.11111905190979957,-2.1625733787865475,-1.7269946993076597
PL,distrust_index_three,Political distrust index,unweighted,784,564,8.421343537414966,6.504728132387707,-1.916615405027259,0.10983692972440108,-2.131891831459542,-1.701338978594976
PL,viepol,People's views should prevail (viepol),weighted,784,564,7.4959637180032646,7.827760526727495,0.33179680872423045,0.13016238456333967,0.07668322283823242,0.5869103946102285
PL,viepol,People's views should prevail (viepol),unweighted,784,564,7.516581632653061,7.849290780141844,0.33270914748878333,0.12803047199157613,0.08177403346162998,0.5836442615159367
SE,distrust_index_three,Political distrust index,weighted,1516,221,5.049080213297793,7.21948610292464,2.1704058896268474,0.15309223278949866,1.8703506270466081,2.4704611522070867
SE,distrust_index_three,Political distrust index,unweighted,1516,221,4.970316622691293,7.046757164404223,2.0764405417129304,0.13666672247890813,1.8085786877691399,2.344302395656721
SE,viepol,People's views should prevail (viepol),weighted,1516,221,6.898236161147405,7.521660197462468,0.6234240363150638,0.17840752402708207,0.2737517146510186,0.973096357979109
SE,viepol,People's views should prevail (viepol),unweighted,1516,221,6.928100263852243,7.470588235294118,0.5424879714418749,0.1634045328603455,0.2222209721250059,0.8627549707587439
SI,distrust_index_three,Political distrust index,weighted,150,405,6.66132851434649,6.4834678722836205,-0.17786064206286945,0.19203683254453874,-0.5542459175553147,0.19852463342957583
SI,distrust_index_three,Political distrust index,unweighted,150,405,6.673333333333333,6.485596707818931,-0.18773662551440218,0.18921143611927077,-0.5585842257712741,0.18311097474246968
SI,viepol,People's views should prevail (viepol),weighted,150,405,8.109595908693024,8.170533545619184,0.06093763692616072,0.21396511988503578,-0.3584262919963043,0.48030156584862577
SI,viepol,People's views should prevail (viepol),unweighted,150,405,8.093333333333334,8.14074074074074,0.04740740740740712,0.21180812587893028,-0.3677288909482224,0.46254370576303666
SK,distrust_index_three,Political distrust index,weighted,220,531,6.37601277814993,6.562426556718309,0.18641377856837948,0.22495386194499917,-0.2544876890270143,0.6273152461637732
SK,distrust_index_three,Political distrust index,unweighted,220,531,6.18939393939394,6.524168236032642,0.3347742966387015,0.20078620168958547,-0.05875942726548139,0.7283080205428845
SK,viepol,People's views should prevail (viepol),weighted,220,531,7.665694393091015,7.948701941436265,0.28300754834524966,0.220744191531667,-0.14964311685322923,0.7156582135437286
SK,viepol,People's views should prevail (viepol),unweighted,220,531,7.786363636363636,7.983050847457627,0.196687211093991,0.18061371678300403,-0.15730916891461438,0.5506835911025965
